series_id,year,period,period_name,value,series_name,date
LNS14000000,2025,M08,August,4.3,Unemployment Rate,2025-08
LNS14000000,2025,M07,July,4.2,Unemployment Rate,2025-07
LNS14000000,2025,M06,June,4.1,Unemployment Rate,2025-06
LNS14000000,2025,M05,May,4.2,Unemployment Rate,2025-05
LNS14000000,2025,M04,April,4.2,Unemployment Rate,2025-04
LNS14000000,2025,M03,March,4.2,Unemployment Rate,2025-03
LNS14000000,2025,M02,February,4.1,Unemployment Rate,2025-02
LNS14000000,2025,M01,January,4.0,Unemployment Rate,2025-01
LNS14000000,2024,M12,December,4.1,Unemployment Rate,2024-12
LNS14000000,2024,M11,November,4.2,Unemployment Rate,2024-11
LNS14000000,2024,M10,October,4.1,Unemployment Rate,2024-10
LNS14000000,2024,M09,September,4.1,Unemployment Rate,2024-09
LNS14000000,2024,M08,August,4.2,Unemployment Rate,2024-08
LNS14000000,2024,M07,July,4.2,Unemployment Rate,2024-07
LNS14000000,2024,M06,June,4.1,Unemployment Rate,2024-06
LNS14000000,2024,M05,May,4.0,Unemployment Rate,2024-05
LNS14000000,2024,M04,April,3.9,Unemployment Rate,2024-04
LNS14000000,2024,M03,March,3.9,Unemployment Rate,2024-03
LNS14000000,2024,M02,February,3.9,Unemployment Rate,2024-02
LNS14000000,2024,M01,January,3.7,Unemployment Rate,2024-01
LNS14000000,2023,M12,December,3.8,Unemployment Rate,2023-12
LNS14000000,2023,M11,November,3.7,Unemployment Rate,2023-11
LNS14000000,2023,M10,October,3.9,Unemployment Rate,2023-10
LNS14000000,2023,M09,September,3.8,Unemployment Rate,2023-09
LNS14000000,2023,M08,August,3.7,Unemployment Rate,2023-08
LNS14000000,2023,M07,July,3.5,Unemployment Rate,2023-07
LNS14000000,2023,M06,June,3.6,Unemployment Rate,2023-06
LNS14000000,2023,M05,May,3.6,Unemployment Rate,2023-05
LNS14000000,2023,M04,April,3.4,Unemployment Rate,2023-04
LNS14000000,2023,M03,March,3.5,Unemployment Rate,2023-03
LNS14000000,2023,M02,February,3.6,Unemployment Rate,2023-02
LNS14000000,2023,M01,January,3.5,Unemployment Rate,2023-01
LNS14000000,2022,M12,December,3.5,Unemployment Rate,2022-12
LNS14000000,2022,M11,November,3.6,Unemployment Rate,2022-11
LNS14000000,2022,M10,October,3.6,Unemployment Rate,2022-10
LNS14000000,2022,M09,September,3.5,Unemployment Rate,2022-09
LNS14000000,2022,M08,August,3.6,Unemployment Rate,2022-08
LNS14000000,2022,M07,July,3.5,Unemployment Rate,2022-07
LNS14000000,2022,M06,June,3.6,Unemployment Rate,2022-06
LNS14000000,2022,M05,May,3.6,Unemployment Rate,2022-05
LNS14000000,2022,M04,April,3.7,Unemployment Rate,2022-04
LNS14000000,2022,M03,March,3.7,Unemployment Rate,2022-03
LNS14000000,2022,M02,February,3.8,Unemployment Rate,2022-02
LNS14000000,2022,M01,January,4.0,Unemployment Rate,2022-01
LNS14000000,2021,M12,December,3.9,Unemployment Rate,2021-12
LNS14000000,2021,M11,November,4.2,Unemployment Rate,2021-11
LNS14000000,2021,M10,October,4.5,Unemployment Rate,2021-10
LNS14000000,2021,M09,September,4.7,Unemployment Rate,2021-09
LNS14000000,2021,M08,August,5.1,Unemployment Rate,2021-08
LNS14000000,2021,M07,July,5.4,Unemployment Rate,2021-07
LNS14000000,2021,M06,June,5.9,Unemployment Rate,2021-06
LNS14000000,2021,M05,May,5.8,Unemployment Rate,2021-05
LNS14000000,2021,M04,April,6.1,Unemployment Rate,2021-04
LNS14000000,2021,M03,March,6.1,Unemployment Rate,2021-03
LNS14000000,2021,M02,February,6.2,Unemployment Rate,2021-02
LNS14000000,2021,M01,January,6.4,Unemployment Rate,2021-01
LNS14000000,2020,M12,December,6.7,Unemployment Rate,2020-12
LNS14000000,2020,M11,November,6.7,Unemployment Rate,2020-11
LNS14000000,2020,M10,October,6.9,Unemployment Rate,2020-10
LNS14000000,2020,M09,September,7.8,Unemployment Rate,2020-09
LNS14000000,2020,M08,August,8.4,Unemployment Rate,2020-08
LNS14000000,2020,M07,July,10.2,Unemployment Rate,2020-07
LNS14000000,2020,M06,June,11.0,Unemployment Rate,2020-06
LNS14000000,2020,M05,May,13.2,Unemployment Rate,2020-05
LNS14000000,2020,M04,April,14.8,Unemployment Rate,2020-04
LNS14000000,2020,M03,March,4.4,Unemployment Rate,2020-03
LNS14000000,2020,M02,February,3.5,Unemployment Rate,2020-02
LNS14000000,2020,M01,January,3.6,Unemployment Rate,2020-01
LNS14000000,2019,M12,December,3.6,Unemployment Rate,2019-12
LNS14000000,2019,M11,November,3.6,Unemployment Rate,2019-11
LNS14000000,2019,M10,October,3.6,Unemployment Rate,2019-10
LNS14000000,2019,M09,September,3.5,Unemployment Rate,2019-09
LNS14000000,2019,M08,August,3.6,Unemployment Rate,2019-08
LNS14000000,2019,M07,July,3.7,Unemployment Rate,2019-07
LNS14000000,2019,M06,June,3.6,Unemployment Rate,2019-06
LNS14000000,2019,M05,May,3.6,Unemployment Rate,2019-05
LNS14000000,2019,M04,April,3.7,Unemployment Rate,2019-04
LNS14000000,2019,M03,March,3.8,Unemployment Rate,2019-03
LNS14000000,2019,M02,February,3.8,Unemployment Rate,2019-02
LNS14000000,2019,M01,January,4.0,Unemployment Rate,2019-01
LNS14000000,2018,M12,December,3.9,Unemployment Rate,2018-12
LNS14000000,2018,M11,November,3.8,Unemployment Rate,2018-11
LNS14000000,2018,M10,October,3.8,Unemployment Rate,2018-10
LNS14000000,2018,M09,September,3.7,Unemployment Rate,2018-09
LNS14000000,2018,M08,August,3.8,Unemployment Rate,2018-08
LNS14000000,2018,M07,July,3.8,Unemployment Rate,2018-07
LNS14000000,2018,M06,June,4.0,Unemployment Rate,2018-06
LNS14000000,2018,M05,May,3.8,Unemployment Rate,2018-05
LNS14000000,2018,M04,April,4.0,Unemployment Rate,2018-04
LNS14000000,2018,M03,March,4.0,Unemployment Rate,2018-03
LNS14000000,2018,M02,February,4.1,Unemployment Rate,2018-02
LNS14000000,2018,M01,January,4.0,Unemployment Rate,2018-01
LNS14000000,2017,M12,December,4.1,Unemployment Rate,2017-12
LNS14000000,2017,M11,November,4.2,Unemployment Rate,2017-11
LNS14000000,2017,M10,October,4.2,Unemployment Rate,2017-10
LNS14000000,2017,M09,September,4.3,Unemployment Rate,2017-09
LNS14000000,2017,M08,August,4.4,Unemployment Rate,2017-08
LNS14000000,2017,M07,July,4.3,Unemployment Rate,2017-07
LNS14000000,2017,M06,June,4.3,Unemployment Rate,2017-06
LNS14000000,2017,M05,May,4.4,Unemployment Rate,2017-05
LNS14000000,2017,M04,April,4.4,Unemployment Rate,2017-04
LNS14000000,2017,M03,March,4.4,Unemployment Rate,2017-03
LNS14000000,2017,M02,February,4.6,Unemployment Rate,2017-02
LNS14000000,2017,M01,January,4.7,Unemployment Rate,2017-01
LNS14000000,2016,M12,December,4.7,Unemployment Rate,2016-12
LNS14000000,2016,M11,November,4.7,Unemployment Rate,2016-11
LNS14000000,2016,M10,October,4.9,Unemployment Rate,2016-10
LNS14000000,2016,M09,September,5.0,Unemployment Rate,2016-09
LNS14000000,2016,M08,August,4.9,Unemployment Rate,2016-08
LNS14000000,2016,M07,July,4.8,Unemployment Rate,2016-07
LNS14000000,2016,M06,June,4.9,Unemployment Rate,2016-06
LNS14000000,2016,M05,May,4.8,Unemployment Rate,2016-05
LNS14000000,2016,M04,April,5.1,Unemployment Rate,2016-04
LNS14000000,2016,M03,March,5.0,Unemployment Rate,2016-03
LNS14000000,2016,M02,February,4.9,Unemployment Rate,2016-02
LNS14000000,2016,M01,January,4.8,Unemployment Rate,2016-01
LNS14000000,2015,M12,December,5.0,Unemployment Rate,2015-12
LNS14000000,2015,M11,November,5.1,Unemployment Rate,2015-11
LNS14000000,2015,M10,October,5.0,Unemployment Rate,2015-10
LNS14000000,2015,M09,September,5.0,Unemployment Rate,2015-09
LNS14000000,2015,M08,August,5.1,Unemployment Rate,2015-08
LNS14000000,2015,M07,July,5.2,Unemployment Rate,2015-07
LNS14000000,2015,M06,June,5.3,Unemployment Rate,2015-06
LNS14000000,2015,M05,May,5.6,Unemployment Rate,2015-05
LNS14000000,2015,M04,April,5.4,Unemployment Rate,2015-04
LNS14000000,2015,M03,March,5.4,Unemployment Rate,2015-03
LNS14000000,2015,M02,February,5.5,Unemployment Rate,2015-02
LNS14000000,2015,M01,January,5.7,Unemployment Rate,2015-01
LNS11300000,2025,M08,August,62.3,Labor Force Participation Rate,2025-08
LNS11300000,2025,M07,July,62.2,Labor Force Participation Rate,2025-07
LNS11300000,2025,M06,June,62.3,Labor Force Participation Rate,2025-06
LNS11300000,2025,M05,May,62.4,Labor Force Participation Rate,2025-05
LNS11300000,2025,M04,April,62.6,Labor Force Participation Rate,2025-04
LNS11300000,2025,M03,March,62.5,Labor Force Participation Rate,2025-03
LNS11300000,2025,M02,February,62.4,Labor Force Participation Rate,2025-02
LNS11300000,2025,M01,January,62.6,Labor Force Participation Rate,2025-01
LNS11300000,2024,M12,December,62.5,Labor Force Participation Rate,2024-12
LNS11300000,2024,M11,November,62.5,Labor Force Participation Rate,2024-11
LNS11300000,2024,M10,October,62.5,Labor Force Participation Rate,2024-10
LNS11300000,2024,M09,September,62.7,Labor Force Participation Rate,2024-09
LNS11300000,2024,M08,August,62.7,Labor Force Participation Rate,2024-08
LNS11300000,2024,M07,July,62.7,Labor Force Participation Rate,2024-07
LNS11300000,2024,M06,June,62.6,Labor Force Participation Rate,2024-06
LNS11300000,2024,M05,May,62.6,Labor Force Participation Rate,2024-05
LNS11300000,2024,M04,April,62.7,Labor Force Participation Rate,2024-04
LNS11300000,2024,M03,March,62.7,Labor Force Participation Rate,2024-03
LNS11300000,2024,M02,February,62.6,Labor Force Participation Rate,2024-02
LNS11300000,2024,M01,January,62.5,Labor Force Participation Rate,2024-01
LNS11300000,2023,M12,December,62.5,Labor Force Participation Rate,2023-12
LNS11300000,2023,M11,November,62.8,Labor Force Participation Rate,2023-11
LNS11300000,2023,M10,October,62.7,Labor Force Participation Rate,2023-10
LNS11300000,2023,M09,September,62.7,Labor Force Participation Rate,2023-09
LNS11300000,2023,M08,August,62.8,Labor Force Participation Rate,2023-08
LNS11300000,2023,M07,July,62.6,Labor Force Participation Rate,2023-07
LNS11300000,2023,M06,June,62.6,Labor Force Participation Rate,2023-06
LNS11300000,2023,M05,May,62.6,Labor Force Participation Rate,2023-05
LNS11300000,2023,M04,April,62.6,Labor Force Participation Rate,2023-04
LNS11300000,2023,M03,March,62.6,Labor Force Participation Rate,2023-03
LNS11300000,2023,M02,February,62.5,Labor Force Participation Rate,2023-02
LNS11300000,2023,M01,January,62.4,Labor Force Participation Rate,2023-01
LNS11300000,2022,M12,December,62.3,Labor Force Participation Rate,2022-12
LNS11300000,2022,M11,November,62.1,Labor Force Participation Rate,2022-11
LNS11300000,2022,M10,October,62.2,Labor Force Participation Rate,2022-10
LNS11300000,2022,M09,September,62.3,Labor Force Participation Rate,2022-09
LNS11300000,2022,M08,August,62.3,Labor Force Participation Rate,2022-08
LNS11300000,2022,M07,July,62.1,Labor Force Participation Rate,2022-07
LNS11300000,2022,M06,June,62.2,Labor Force Participation Rate,2022-06
LNS11300000,2022,M05,May,62.3,Labor Force Participation Rate,2022-05
LNS11300000,2022,M04,April,62.2,Labor Force Participation Rate,2022-04
LNS11300000,2022,M03,March,62.3,Labor Force Participation Rate,2022-03
LNS11300000,2022,M02,February,62.2,Labor Force Participation Rate,2022-02
LNS11300000,2022,M01,January,62.2,Labor Force Participation Rate,2022-01
LNS11300000,2021,M12,December,62.0,Labor Force Participation Rate,2021-12
LNS11300000,2021,M11,November,61.9,Labor Force Participation Rate,2021-11
LNS11300000,2021,M10,October,61.8,Labor Force Participation Rate,2021-10
LNS11300000,2021,M09,September,61.7,Labor Force Participation Rate,2021-09
LNS11300000,2021,M08,August,61.7,Labor Force Participation Rate,2021-08
LNS11300000,2021,M07,July,61.8,Labor Force Participation Rate,2021-07
LNS11300000,2021,M06,June,61.7,Labor Force Participation Rate,2021-06
LNS11300000,2021,M05,May,61.6,Labor Force Participation Rate,2021-05
LNS11300000,2021,M04,April,61.6,Labor Force Participation Rate,2021-04
LNS11300000,2021,M03,March,61.5,Labor Force Participation Rate,2021-03
LNS11300000,2021,M02,February,61.4,Labor Force Participation Rate,2021-02
LNS11300000,2021,M01,January,61.4,Labor Force Participation Rate,2021-01
LNS11300000,2020,M12,December,61.5,Labor Force Participation Rate,2020-12
LNS11300000,2020,M11,November,61.5,Labor Force Participation Rate,2020-11
LNS11300000,2020,M10,October,61.7,Labor Force Participation Rate,2020-10
LNS11300000,2020,M09,September,61.4,Labor Force Participation Rate,2020-09
LNS11300000,2020,M08,August,61.7,Labor Force Participation Rate,2020-08
LNS11300000,2020,M07,July,61.5,Labor Force Participation Rate,2020-07
LNS11300000,2020,M06,June,61.5,Labor Force Participation Rate,2020-06
LNS11300000,2020,M05,May,60.8,Labor Force Participation Rate,2020-05
LNS11300000,2020,M04,April,60.1,Labor Force Participation Rate,2020-04
LNS11300000,2020,M03,March,62.6,Labor Force Participation Rate,2020-03
LNS11300000,2020,M02,February,63.3,Labor Force Participation Rate,2020-02
LNS11300000,2020,M01,January,63.3,Labor Force Participation Rate,2020-01
LNS11300000,2019,M12,December,63.3,Labor Force Participation Rate,2019-12
LNS11300000,2019,M11,November,63.3,Labor Force Participation Rate,2019-11
LNS11300000,2019,M10,October,63.3,Labor Force Participation Rate,2019-10
LNS11300000,2019,M09,September,63.2,Labor Force Participation Rate,2019-09
LNS11300000,2019,M08,August,63.1,Labor Force Participation Rate,2019-08
LNS11300000,2019,M07,July,63.1,Labor Force Participation Rate,2019-07
LNS11300000,2019,M06,June,63.0,Labor Force Participation Rate,2019-06
LNS11300000,2019,M05,May,62.9,Labor Force Participation Rate,2019-05
LNS11300000,2019,M04,April,62.8,Labor Force Participation Rate,2019-04
LNS11300000,2019,M03,March,63.0,Labor Force Participation Rate,2019-03
LNS11300000,2019,M02,February,63.1,Labor Force Participation Rate,2019-02
LNS11300000,2019,M01,January,63.1,Labor Force Participation Rate,2019-01
LNS11300000,2018,M12,December,63.0,Labor Force Participation Rate,2018-12
LNS11300000,2018,M11,November,62.9,Labor Force Participation Rate,2018-11
LNS11300000,2018,M10,October,62.9,Labor Force Participation Rate,2018-10
LNS11300000,2018,M09,September,62.8,Labor Force Participation Rate,2018-09
LNS11300000,2018,M08,August,62.6,Labor Force Participation Rate,2018-08
LNS11300000,2018,M07,July,63.0,Labor Force Participation Rate,2018-07
LNS11300000,2018,M06,June,63.0,Labor Force Participation Rate,2018-06
LNS11300000,2018,M05,May,62.9,Labor Force Participation Rate,2018-05
LNS11300000,2018,M04,April,62.9,Labor Force Participation Rate,2018-04
LNS11300000,2018,M03,March,62.9,Labor Force Participation Rate,2018-03
LNS11300000,2018,M02,February,63.0,Labor Force Participation Rate,2018-02
LNS11300000,2018,M01,January,62.7,Labor Force Participation Rate,2018-01
LNS11300000,2017,M12,December,62.7,Labor Force Participation Rate,2017-12
LNS11300000,2017,M11,November,62.7,Labor Force Participation Rate,2017-11
LNS11300000,2017,M10,October,62.7,Labor Force Participation Rate,2017-10
LNS11300000,2017,M09,September,63.1,Labor Force Participation Rate,2017-09
LNS11300000,2017,M08,August,62.9,Labor Force Participation Rate,2017-08
LNS11300000,2017,M07,July,62.9,Labor Force Participation Rate,2017-07
LNS11300000,2017,M06,June,62.8,Labor Force Participation Rate,2017-06
LNS11300000,2017,M05,May,62.8,Labor Force Participation Rate,2017-05
LNS11300000,2017,M04,April,63.0,Labor Force Participation Rate,2017-04
LNS11300000,2017,M03,March,62.9,Labor Force Participation Rate,2017-03
LNS11300000,2017,M02,February,62.9,Labor Force Participation Rate,2017-02
LNS11300000,2017,M01,January,62.8,Labor Force Participation Rate,2017-01
LNS11300000,2016,M12,December,62.7,Labor Force Participation Rate,2016-12
LNS11300000,2016,M11,November,62.7,Labor Force Participation Rate,2016-11
LNS11300000,2016,M10,October,62.8,Labor Force Participation Rate,2016-10
LNS11300000,2016,M09,September,62.9,Labor Force Participation Rate,2016-09
LNS11300000,2016,M08,August,62.9,Labor Force Participation Rate,2016-08
LNS11300000,2016,M07,July,62.8,Labor Force Participation Rate,2016-07
LNS11300000,2016,M06,June,62.7,Labor Force Participation Rate,2016-06
LNS11300000,2016,M05,May,62.7,Labor Force Participation Rate,2016-05
LNS11300000,2016,M04,April,62.9,Labor Force Participation Rate,2016-04
LNS11300000,2016,M03,March,63.0,Labor Force Participation Rate,2016-03
LNS11300000,2016,M02,February,62.8,Labor Force Participation Rate,2016-02
LNS11300000,2016,M01,January,62.7,Labor Force Participation Rate,2016-01
LNS11300000,2015,M12,December,62.7,Labor Force Participation Rate,2015-12
LNS11300000,2015,M11,November,62.5,Labor Force Participation Rate,2015-11
LNS11300000,2015,M10,October,62.5,Labor Force Participation Rate,2015-10
LNS11300000,2015,M09,September,62.4,Labor Force Participation Rate,2015-09
LNS11300000,2015,M08,August,62.6,Labor Force Participation Rate,2015-08
LNS11300000,2015,M07,July,62.6,Labor Force Participation Rate,2015-07
LNS11300000,2015,M06,June,62.7,Labor Force Participation Rate,2015-06
LNS11300000,2015,M05,May,62.9,Labor Force Participation Rate,2015-05
LNS11300000,2015,M04,April,62.8,Labor Force Participation Rate,2015-04
LNS11300000,2015,M03,March,62.6,Labor Force Participation Rate,2015-03
LNS11300000,2015,M02,February,62.7,Labor Force Participation Rate,2015-02
LNS11300000,2015,M01,January,62.9,Labor Force Participation Rate,2015-01
CUUR0000SA0,2025,M08,August,323.976,Consumer Price Index (CPI-U All Items),2025-08
CUUR0000SA0,2025,M07,July,323.048,Consumer Price Index (CPI-U All Items),2025-07
CUUR0000SA0,2025,M06,June,322.561,Consumer Price Index (CPI-U All Items),2025-06
CUUR0000SA0,2025,M05,May,321.465,Consumer Price Index (CPI-U All Items),2025-05
CUUR0000SA0,2025,M04,April,320.795,Consumer Price Index (CPI-U All Items),2025-04
CUUR0000SA0,2025,M03,March,319.799,Consumer Price Index (CPI-U All Items),2025-03
CUUR0000SA0,2025,M02,February,319.082,Consumer Price Index (CPI-U All Items),2025-02
CUUR0000SA0,2025,M01,January,317.671,Consumer Price Index (CPI-U All Items),2025-01
CUUR0000SA0,2024,M12,December,315.605,Consumer Price Index (CPI-U All Items),2024-12
CUUR0000SA0,2024,M11,November,315.493,Consumer Price Index (CPI-U All Items),2024-11
CUUR0000SA0,2024,M10,October,315.664,Consumer Price Index (CPI-U All Items),2024-10
CUUR0000SA0,2024,M09,September,315.301,Consumer Price Index (CPI-U All Items),2024-09
CUUR0000SA0,2024,M08,August,314.796,Consumer Price Index (CPI-U All Items),2024-08
CUUR0000SA0,2024,M07,July,314.54,Consumer Price Index (CPI-U All Items),2024-07
CUUR0000SA0,2024,M06,June,314.175,Consumer Price Index (CPI-U All Items),2024-06
CUUR0000SA0,2024,M05,May,314.069,Consumer Price Index (CPI-U All Items),2024-05
CUUR0000SA0,2024,M04,April,313.548,Consumer Price Index (CPI-U All Items),2024-04
CUUR0000SA0,2024,M03,March,312.332,Consumer Price Index (CPI-U All Items),2024-03
CUUR0000SA0,2024,M02,February,310.326,Consumer Price Index (CPI-U All Items),2024-02
CUUR0000SA0,2024,M01,January,308.417,Consumer Price Index (CPI-U All Items),2024-01
CUUR0000SA0,2023,M12,December,306.746,Consumer Price Index (CPI-U All Items),2023-12
CUUR0000SA0,2023,M11,November,307.051,Consumer Price Index (CPI-U All Items),2023-11
CUUR0000SA0,2023,M10,October,307.671,Consumer Price Index (CPI-U All Items),2023-10
CUUR0000SA0,2023,M09,September,307.789,Consumer Price Index (CPI-U All Items),2023-09
CUUR0000SA0,2023,M08,August,307.026,Consumer Price Index (CPI-U All Items),2023-08
CUUR0000SA0,2023,M07,July,305.691,Consumer Price Index (CPI-U All Items),2023-07
CUUR0000SA0,2023,M06,June,305.109,Consumer Price Index (CPI-U All Items),2023-06
CUUR0000SA0,2023,M05,May,304.127,Consumer Price Index (CPI-U All Items),2023-05
CUUR0000SA0,2023,M04,April,303.363,Consumer Price Index (CPI-U All Items),2023-04
CUUR0000SA0,2023,M03,March,301.836,Consumer Price Index (CPI-U All Items),2023-03
CUUR0000SA0,2023,M02,February,300.84,Consumer Price Index (CPI-U All Items),2023-02
CUUR0000SA0,2023,M01,January,299.17,Consumer Price Index (CPI-U All Items),2023-01
CUUR0000SA0,2022,M12,December,296.797,Consumer Price Index (CPI-U All Items),2022-12
CUUR0000SA0,2022,M11,November,297.711,Consumer Price Index (CPI-U All Items),2022-11
CUUR0000SA0,2022,M10,October,298.012,Consumer Price Index (CPI-U All Items),2022-10
CUUR0000SA0,2022,M09,September,296.808,Consumer Price Index (CPI-U All Items),2022-09
CUUR0000SA0,2022,M08,August,296.171,Consumer Price Index (CPI-U All Items),2022-08
CUUR0000SA0,2022,M07,July,296.276,Consumer Price Index (CPI-U All Items),2022-07
CUUR0000SA0,2022,M06,June,296.311,Consumer Price Index (CPI-U All Items),2022-06
CUUR0000SA0,2022,M05,May,292.296,Consumer Price Index (CPI-U All Items),2022-05
CUUR0000SA0,2022,M04,April,289.109,Consumer Price Index (CPI-U All Items),2022-04
CUUR0000SA0,2022,M03,March,287.504,Consumer Price Index (CPI-U All Items),2022-03
CUUR0000SA0,2022,M02,February,283.716,Consumer Price Index (CPI-U All Items),2022-02
CUUR0000SA0,2022,M01,January,281.148,Consumer Price Index (CPI-U All Items),2022-01
CUUR0000SA0,2021,M12,December,278.802,Consumer Price Index (CPI-U All Items),2021-12
CUUR0000SA0,2021,M11,November,277.948,Consumer Price Index (CPI-U All Items),2021-11
CUUR0000SA0,2021,M10,October,276.589,Consumer Price Index (CPI-U All Items),2021-10
CUUR0000SA0,2021,M09,September,274.31,Consumer Price Index (CPI-U All Items),2021-09
CUUR0000SA0,2021,M08,August,273.567,Consumer Price Index (CPI-U All Items),2021-08
CUUR0000SA0,2021,M07,July,273.003,Consumer Price Index (CPI-U All Items),2021-07
CUUR0000SA0,2021,M06,June,271.696,Consumer Price Index (CPI-U All Items),2021-06
CUUR0000SA0,2021,M05,May,269.195,Consumer Price Index (CPI-U All Items),2021-05
CUUR0000SA0,2021,M04,April,267.054,Consumer Price Index (CPI-U All Items),2021-04
CUUR0000SA0,2021,M03,March,264.877,Consumer Price Index (CPI-U All Items),2021-03
CUUR0000SA0,2021,M02,February,263.014,Consumer Price Index (CPI-U All Items),2021-02
CUUR0000SA0,2021,M01,January,261.582,Consumer Price Index (CPI-U All Items),2021-01
CUUR0000SA0,2020,M12,December,260.474,Consumer Price Index (CPI-U All Items),2020-12
CUUR0000SA0,2020,M11,November,260.229,Consumer Price Index (CPI-U All Items),2020-11
CUUR0000SA0,2020,M10,October,260.388,Consumer Price Index (CPI-U All Items),2020-10
CUUR0000SA0,2020,M09,September,260.28,Consumer Price Index (CPI-U All Items),2020-09
CUUR0000SA0,2020,M08,August,259.918,Consumer Price Index (CPI-U All Items),2020-08
CUUR0000SA0,2020,M07,July,259.101,Consumer Price Index (CPI-U All Items),2020-07
CUUR0000SA0,2020,M06,June,257.797,Consumer Price Index (CPI-U All Items),2020-06
CUUR0000SA0,2020,M05,May,256.394,Consumer Price Index (CPI-U All Items),2020-05
CUUR0000SA0,2020,M04,April,256.389,Consumer Price Index (CPI-U All Items),2020-04
CUUR0000SA0,2020,M03,March,258.115,Consumer Price Index (CPI-U All Items),2020-03
CUUR0000SA0,2020,M02,February,258.678,Consumer Price Index (CPI-U All Items),2020-02
CUUR0000SA0,2020,M01,January,257.971,Consumer Price Index (CPI-U All Items),2020-01
CUUR0000SA0,2019,M12,December,256.974,Consumer Price Index (CPI-U All Items),2019-12
CUUR0000SA0,2019,M11,November,257.208,Consumer Price Index (CPI-U All Items),2019-11
CUUR0000SA0,2019,M10,October,257.346,Consumer Price Index (CPI-U All Items),2019-10
CUUR0000SA0,2019,M09,September,256.759,Consumer Price Index (CPI-U All Items),2019-09
CUUR0000SA0,2019,M08,August,256.558,Consumer Price Index (CPI-U All Items),2019-08
CUUR0000SA0,2019,M07,July,256.571,Consumer Price Index (CPI-U All Items),2019-07
CUUR0000SA0,2019,M06,June,256.143,Consumer Price Index (CPI-U All Items),2019-06
CUUR0000SA0,2019,M05,May,256.092,Consumer Price Index (CPI-U All Items),2019-05
CUUR0000SA0,2019,M04,April,255.548,Consumer Price Index (CPI-U All Items),2019-04
CUUR0000SA0,2019,M03,March,254.202,Consumer Price Index (CPI-U All Items),2019-03
CUUR0000SA0,2019,M02,February,252.776,Consumer Price Index (CPI-U All Items),2019-02
CUUR0000SA0,2019,M01,January,251.712,Consumer Price Index (CPI-U All Items),2019-01
CUUR0000SA0,2018,M12,December,251.233,Consumer Price Index (CPI-U All Items),2018-12
CUUR0000SA0,2018,M11,November,252.038,Consumer Price Index (CPI-U All Items),2018-11
CUUR0000SA0,2018,M10,October,252.885,Consumer Price Index (CPI-U All Items),2018-10
CUUR0000SA0,2018,M09,September,252.439,Consumer Price Index (CPI-U All Items),2018-09
CUUR0000SA0,2018,M08,August,252.146,Consumer Price Index (CPI-U All Items),2018-08
CUUR0000SA0,2018,M07,July,252.006,Consumer Price Index (CPI-U All Items),2018-07
CUUR0000SA0,2018,M06,June,251.989,Consumer Price Index (CPI-U All Items),2018-06
CUUR0000SA0,2018,M05,May,251.588,Consumer Price Index (CPI-U All Items),2018-05
CUUR0000SA0,2018,M04,April,250.546,Consumer Price Index (CPI-U All Items),2018-04
CUUR0000SA0,2018,M03,March,249.554,Consumer Price Index (CPI-U All Items),2018-03
CUUR0000SA0,2018,M02,February,248.991,Consumer Price Index (CPI-U All Items),2018-02
CUUR0000SA0,2018,M01,January,247.867,Consumer Price Index (CPI-U All Items),2018-01
CUUR0000SA0,2017,M12,December,246.524,Consumer Price Index (CPI-U All Items),2017-12
CUUR0000SA0,2017,M11,November,246.669,Consumer Price Index (CPI-U All Items),2017-11
CUUR0000SA0,2017,M10,October,246.663,Consumer Price Index (CPI-U All Items),2017-10
CUUR0000SA0,2017,M09,September,246.819,Consumer Price Index (CPI-U All Items),2017-09
CUUR0000SA0,2017,M08,August,245.519,Consumer Price Index (CPI-U All Items),2017-08
CUUR0000SA0,2017,M07,July,244.786,Consumer Price Index (CPI-U All Items),2017-07
CUUR0000SA0,2017,M06,June,244.955,Consumer Price Index (CPI-U All Items),2017-06
CUUR0000SA0,2017,M05,May,244.733,Consumer Price Index (CPI-U All Items),2017-05
CUUR0000SA0,2017,M04,April,244.524,Consumer Price Index (CPI-U All Items),2017-04
CUUR0000SA0,2017,M03,March,243.801,Consumer Price Index (CPI-U All Items),2017-03
CUUR0000SA0,2017,M02,February,243.603,Consumer Price Index (CPI-U All Items),2017-02
CUUR0000SA0,2017,M01,January,242.839,Consumer Price Index (CPI-U All Items),2017-01
CUUR0000SA0,2016,M12,December,241.432,Consumer Price Index (CPI-U All Items),2016-12
CUUR0000SA0,2016,M11,November,241.353,Consumer Price Index (CPI-U All Items),2016-11
CUUR0000SA0,2016,M10,October,241.729,Consumer Price Index (CPI-U All Items),2016-10
CUUR0000SA0,2016,M09,September,241.428,Consumer Price Index (CPI-U All Items),2016-09
CUUR0000SA0,2016,M08,August,240.849,Consumer Price Index (CPI-U All Items),2016-08
CUUR0000SA0,2016,M07,July,240.628,Consumer Price Index (CPI-U All Items),2016-07
CUUR0000SA0,2016,M06,June,241.018,Consumer Price Index (CPI-U All Items),2016-06
CUUR0000SA0,2016,M05,May,240.229,Consumer Price Index (CPI-U All Items),2016-05
CUUR0000SA0,2016,M04,April,239.261,Consumer Price Index (CPI-U All Items),2016-04
CUUR0000SA0,2016,M03,March,238.132,Consumer Price Index (CPI-U All Items),2016-03
CUUR0000SA0,2016,M02,February,237.111,Consumer Price Index (CPI-U All Items),2016-02
CUUR0000SA0,2016,M01,January,236.916,Consumer Price Index (CPI-U All Items),2016-01
CUUR0000SA0,2015,M12,December,236.525,Consumer Price Index (CPI-U All Items),2015-12
CUUR0000SA0,2015,M11,November,237.336,Consumer Price Index (CPI-U All Items),2015-11
CUUR0000SA0,2015,M10,October,237.838,Consumer Price Index (CPI-U All Items),2015-10
CUUR0000SA0,2015,M09,September,237.945,Consumer Price Index (CPI-U All Items),2015-09
CUUR0000SA0,2015,M08,August,238.316,Consumer Price Index (CPI-U All Items),2015-08
CUUR0000SA0,2015,M07,July,238.654,Consumer Price Index (CPI-U All Items),2015-07
CUUR0000SA0,2015,M06,June,238.638,Consumer Price Index (CPI-U All Items),2015-06
CUUR0000SA0,2015,M05,May,237.805,Consumer Price Index (CPI-U All Items),2015-05
CUUR0000SA0,2015,M04,April,236.599,Consumer Price Index (CPI-U All Items),2015-04
CUUR0000SA0,2015,M03,March,236.119,Consumer Price Index (CPI-U All Items),2015-03
CUUR0000SA0,2015,M02,February,234.722,Consumer Price Index (CPI-U All Items),2015-02
CUUR0000SA0,2015,M01,January,233.707,Consumer Price Index (CPI-U All Items),2015-01
CES0500000003,2025,M08,August,36.53,Average Hourly Earnings: Total Private,2025-08
CES0500000003,2025,M07,July,36.43,Average Hourly Earnings: Total Private,2025-07
CES0500000003,2025,M06,June,36.31,Average Hourly Earnings: Total Private,2025-06
CES0500000003,2025,M05,May,36.23,Average Hourly Earnings: Total Private,2025-05
CES0500000003,2025,M04,April,36.08,Average Hourly Earnings: Total Private,2025-04
CES0500000003,2025,M03,March,36.02,Average Hourly Earnings: Total Private,2025-03
CES0500000003,2025,M02,February,35.9,Average Hourly Earnings: Total Private,2025-02
CES0500000003,2025,M01,January,35.83,Average Hourly Earnings: Total Private,2025-01
CES0500000003,2024,M12,December,35.68,Average Hourly Earnings: Total Private,2024-12
CES0500000003,2024,M11,November,35.61,Average Hourly Earnings: Total Private,2024-11
CES0500000003,2024,M10,October,35.48,Average Hourly Earnings: Total Private,2024-10
CES0500000003,2024,M09,September,35.33,Average Hourly Earnings: Total Private,2024-09
CES0500000003,2024,M08,August,35.23,Average Hourly Earnings: Total Private,2024-08
CES0500000003,2024,M07,July,35.07,Average Hourly Earnings: Total Private,2024-07
CES0500000003,2024,M06,June,35.0,Average Hourly Earnings: Total Private,2024-06
CES0500000003,2024,M05,May,34.89,Average Hourly Earnings: Total Private,2024-05
CES0500000003,2024,M04,April,34.75,Average Hourly Earnings: Total Private,2024-04
CES0500000003,2024,M03,March,34.67,Average Hourly Earnings: Total Private,2024-03
CES0500000003,2024,M02,February,34.54,Average Hourly Earnings: Total Private,2024-02
CES0500000003,2024,M01,January,34.47,Average Hourly Earnings: Total Private,2024-01
CES0500000003,2023,M12,December,34.31,Average Hourly Earnings: Total Private,2023-12
CES0500000003,2023,M11,November,34.19,Average Hourly Earnings: Total Private,2023-11
CES0500000003,2023,M10,October,34.07,Average Hourly Earnings: Total Private,2023-10
CES0500000003,2023,M09,September,33.99,Average Hourly Earnings: Total Private,2023-09
CES0500000003,2023,M08,August,33.89,Average Hourly Earnings: Total Private,2023-08
CES0500000003,2023,M07,July,33.84,Average Hourly Earnings: Total Private,2023-07
CES0500000003,2023,M06,June,33.69,Average Hourly Earnings: Total Private,2023-06
CES0500000003,2023,M05,May,33.52,Average Hourly Earnings: Total Private,2023-05
CES0500000003,2023,M04,April,33.42,Average Hourly Earnings: Total Private,2023-04
CES0500000003,2023,M03,March,33.28,Average Hourly Earnings: Total Private,2023-03
CES0500000003,2023,M02,February,33.16,Average Hourly Earnings: Total Private,2023-02
CES0500000003,2023,M01,January,33.05,Average Hourly Earnings: Total Private,2023-01
CES0500000003,2022,M12,December,32.96,Average Hourly Earnings: Total Private,2022-12
CES0500000003,2022,M11,November,32.84,Average Hourly Earnings: Total Private,2022-11
CES0500000003,2022,M10,October,32.7,Average Hourly Earnings: Total Private,2022-10
CES0500000003,2022,M09,September,32.55,Average Hourly Earnings: Total Private,2022-09
CES0500000003,2022,M08,August,32.44,Average Hourly Earnings: Total Private,2022-08
CES0500000003,2022,M07,July,32.35,Average Hourly Earnings: Total Private,2022-07
CES0500000003,2022,M06,June,32.2,Average Hourly Earnings: Total Private,2022-06
CES0500000003,2022,M05,May,32.1,Average Hourly Earnings: Total Private,2022-05
CES0500000003,2022,M04,April,31.96,Average Hourly Earnings: Total Private,2022-04
CES0500000003,2022,M03,March,31.82,Average Hourly Earnings: Total Private,2022-03
CES0500000003,2022,M02,February,31.66,Average Hourly Earnings: Total Private,2022-02
CES0500000003,2022,M01,January,31.62,Average Hourly Earnings: Total Private,2022-01
CES0500000003,2021,M12,December,31.41,Average Hourly Earnings: Total Private,2021-12
CES0500000003,2021,M11,November,31.25,Average Hourly Earnings: Total Private,2021-11
CES0500000003,2021,M10,October,31.15,Average Hourly Earnings: Total Private,2021-10
CES0500000003,2021,M09,September,30.96,Average Hourly Earnings: Total Private,2021-09
CES0500000003,2021,M08,August,30.79,Average Hourly Earnings: Total Private,2021-08
CES0500000003,2021,M07,July,30.66,Average Hourly Earnings: Total Private,2021-07
CES0500000003,2021,M06,June,30.55,Average Hourly Earnings: Total Private,2021-06
CES0500000003,2021,M05,May,30.41,Average Hourly Earnings: Total Private,2021-05
CES0500000003,2021,M04,April,30.23,Average Hourly Earnings: Total Private,2021-04
CES0500000003,2021,M03,March,30.04,Average Hourly Earnings: Total Private,2021-03
CES0500000003,2021,M02,February,30.07,Average Hourly Earnings: Total Private,2021-02
CES0500000003,2021,M01,January,29.92,Average Hourly Earnings: Total Private,2021-01
CES0500000003,2020,M12,December,29.91,Average Hourly Earnings: Total Private,2020-12
CES0500000003,2020,M11,November,29.64,Average Hourly Earnings: Total Private,2020-11
CES0500000003,2020,M10,October,29.55,Average Hourly Earnings: Total Private,2020-10
CES0500000003,2020,M09,September,29.51,Average Hourly Earnings: Total Private,2020-09
CES0500000003,2020,M08,August,29.5,Average Hourly Earnings: Total Private,2020-08
CES0500000003,2020,M07,July,29.39,Average Hourly Earnings: Total Private,2020-07
CES0500000003,2020,M06,June,29.38,Average Hourly Earnings: Total Private,2020-06
CES0500000003,2020,M05,May,29.72,Average Hourly Earnings: Total Private,2020-05
CES0500000003,2020,M04,April,30.04,Average Hourly Earnings: Total Private,2020-04
CES0500000003,2020,M03,March,28.74,Average Hourly Earnings: Total Private,2020-03
CES0500000003,2020,M02,February,28.54,Average Hourly Earnings: Total Private,2020-02
CES0500000003,2020,M01,January,28.43,Average Hourly Earnings: Total Private,2020-01
CES0500000003,2019,M12,December,28.38,Average Hourly Earnings: Total Private,2019-12
CES0500000003,2019,M11,November,28.34,Average Hourly Earnings: Total Private,2019-11
CES0500000003,2019,M10,October,28.23,Average Hourly Earnings: Total Private,2019-10
CES0500000003,2019,M09,September,28.16,Average Hourly Earnings: Total Private,2019-09
CES0500000003,2019,M08,August,28.14,Average Hourly Earnings: Total Private,2019-08
CES0500000003,2019,M07,July,28.03,Average Hourly Earnings: Total Private,2019-07
CES0500000003,2019,M06,June,27.96,Average Hourly Earnings: Total Private,2019-06
CES0500000003,2019,M05,May,27.88,Average Hourly Earnings: Total Private,2019-05
CES0500000003,2019,M04,April,27.79,Average Hourly Earnings: Total Private,2019-04
CES0500000003,2019,M03,March,27.77,Average Hourly Earnings: Total Private,2019-03
CES0500000003,2019,M02,February,27.69,Average Hourly Earnings: Total Private,2019-02
CES0500000003,2019,M01,January,27.59,Average Hourly Earnings: Total Private,2019-01
CES0500000003,2018,M12,December,27.56,Average Hourly Earnings: Total Private,2018-12
CES0500000003,2018,M11,November,27.44,Average Hourly Earnings: Total Private,2018-11
CES0500000003,2018,M10,October,27.37,Average Hourly Earnings: Total Private,2018-10
CES0500000003,2018,M09,September,27.32,Average Hourly Earnings: Total Private,2018-09
CES0500000003,2018,M08,August,27.21,Average Hourly Earnings: Total Private,2018-08
CES0500000003,2018,M07,July,27.1,Average Hourly Earnings: Total Private,2018-07
CES0500000003,2018,M06,June,27.03,Average Hourly Earnings: Total Private,2018-06
CES0500000003,2018,M05,May,26.98,Average Hourly Earnings: Total Private,2018-05
CES0500000003,2018,M04,April,26.91,Average Hourly Earnings: Total Private,2018-04
CES0500000003,2018,M03,March,26.85,Average Hourly Earnings: Total Private,2018-03
CES0500000003,2018,M02,February,26.74,Average Hourly Earnings: Total Private,2018-02
CES0500000003,2018,M01,January,26.72,Average Hourly Earnings: Total Private,2018-01
CES0500000003,2017,M12,December,26.63,Average Hourly Earnings: Total Private,2017-12
CES0500000003,2017,M11,November,26.54,Average Hourly Earnings: Total Private,2017-11
CES0500000003,2017,M10,October,26.5,Average Hourly Earnings: Total Private,2017-10
CES0500000003,2017,M09,September,26.49,Average Hourly Earnings: Total Private,2017-09
CES0500000003,2017,M08,August,26.37,Average Hourly Earnings: Total Private,2017-08
CES0500000003,2017,M07,July,26.35,Average Hourly Earnings: Total Private,2017-07
CES0500000003,2017,M06,June,26.26,Average Hourly Earnings: Total Private,2017-06
CES0500000003,2017,M05,May,26.21,Average Hourly Earnings: Total Private,2017-05
CES0500000003,2017,M04,April,26.17,Average Hourly Earnings: Total Private,2017-04
CES0500000003,2017,M03,March,26.11,Average Hourly Earnings: Total Private,2017-03
CES0500000003,2017,M02,February,26.07,Average Hourly Earnings: Total Private,2017-02
CES0500000003,2017,M01,January,26.0,Average Hourly Earnings: Total Private,2017-01
CES0500000003,2016,M12,December,25.93,Average Hourly Earnings: Total Private,2016-12
CES0500000003,2016,M11,November,25.9,Average Hourly Earnings: Total Private,2016-11
CES0500000003,2016,M10,October,25.9,Average Hourly Earnings: Total Private,2016-10
CES0500000003,2016,M09,September,25.77,Average Hourly Earnings: Total Private,2016-09
CES0500000003,2016,M08,August,25.71,Average Hourly Earnings: Total Private,2016-08
CES0500000003,2016,M07,July,25.69,Average Hourly Earnings: Total Private,2016-07
CES0500000003,2016,M06,June,25.62,Average Hourly Earnings: Total Private,2016-06
CES0500000003,2016,M05,May,25.58,Average Hourly Earnings: Total Private,2016-05
CES0500000003,2016,M04,April,25.53,Average Hourly Earnings: Total Private,2016-04
CES0500000003,2016,M03,March,25.45,Average Hourly Earnings: Total Private,2016-03
CES0500000003,2016,M02,February,25.38,Average Hourly Earnings: Total Private,2016-02
CES0500000003,2016,M01,January,25.37,Average Hourly Earnings: Total Private,2016-01
CES0500000003,2015,M12,December,25.25,Average Hourly Earnings: Total Private,2015-12
CES0500000003,2015,M11,November,25.25,Average Hourly Earnings: Total Private,2015-11
CES0500000003,2015,M10,October,25.2,Average Hourly Earnings: Total Private,2015-10
CES0500000003,2015,M09,September,25.11,Average Hourly Earnings: Total Private,2015-09
CES0500000003,2015,M08,August,25.09,Average Hourly Earnings: Total Private,2015-08
CES0500000003,2015,M07,July,25.01,Average Hourly Earnings: Total Private,2015-07
CES0500000003,2015,M06,June,24.97,Average Hourly Earnings: Total Private,2015-06
CES0500000003,2015,M05,May,24.97,Average Hourly Earnings: Total Private,2015-05
CES0500000003,2015,M04,April,24.89,Average Hourly Earnings: Total Private,2015-04
CES0500000003,2015,M03,March,24.85,Average Hourly Earnings: Total Private,2015-03
CES0500000003,2015,M02,February,24.8,Average Hourly Earnings: Total Private,2015-02
CES0500000003,2015,M01,January,24.75,Average Hourly Earnings: Total Private,2015-01
JTU000000000000000JOR,2025,M08,August,4.3,Job Openings: Total Nonfarm,2025-08
JTU000000000000000JOR,2025,M07,July,4.7,Job Openings: Total Nonfarm,2025-07
JTU000000000000000JOR,2025,M06,June,4.2,Job Openings: Total Nonfarm,2025-06
JTU000000000000000JOR,2025,M05,May,4.5,Job Openings: Total Nonfarm,2025-05
JTU000000000000000JOR,2025,M04,April,4.8,Job Openings: Total Nonfarm,2025-04
JTU000000000000000JOR,2025,M03,March,4.2,Job Openings: Total Nonfarm,2025-03
JTU000000000000000JOR,2025,M02,February,4.4,Job Openings: Total Nonfarm,2025-02
JTU000000000000000JOR,2025,M01,January,4.8,Job Openings: Total Nonfarm,2025-01
JTU000000000000000JOR,2024,M12,December,4.2,Job Openings: Total Nonfarm,2024-12
JTU000000000000000JOR,2024,M11,November,4.5,Job Openings: Total Nonfarm,2024-11
JTU000000000000000JOR,2024,M10,October,4.8,Job Openings: Total Nonfarm,2024-10
JTU000000000000000JOR,2024,M09,September,4.3,Job Openings: Total Nonfarm,2024-09
JTU000000000000000JOR,2024,M08,August,4.6,Job Openings: Total Nonfarm,2024-08
JTU000000000000000JOR,2024,M07,July,4.9,Job Openings: Total Nonfarm,2024-07
JTU000000000000000JOR,2024,M06,June,4.3,Job Openings: Total Nonfarm,2024-06
JTU000000000000000JOR,2024,M05,May,4.6,Job Openings: Total Nonfarm,2024-05
JTU000000000000000JOR,2024,M04,April,4.9,Job Openings: Total Nonfarm,2024-04
JTU000000000000000JOR,2024,M03,March,4.9,Job Openings: Total Nonfarm,2024-03
JTU000000000000000JOR,2024,M02,February,5.0,Job Openings: Total Nonfarm,2024-02
JTU000000000000000JOR,2024,M01,January,5.2,Job Openings: Total Nonfarm,2024-01
JTU000000000000000JOR,2023,M12,December,4.8,Job Openings: Total Nonfarm,2023-12
JTU000000000000000JOR,2023,M11,November,4.9,Job Openings: Total Nonfarm,2023-11
JTU000000000000000JOR,2023,M10,October,5.5,Job Openings: Total Nonfarm,2023-10
JTU000000000000000JOR,2023,M09,September,5.6,Job Openings: Total Nonfarm,2023-09
JTU000000000000000JOR,2023,M08,August,5.6,Job Openings: Total Nonfarm,2023-08
JTU000000000000000JOR,2023,M07,July,5.7,Job Openings: Total Nonfarm,2023-07
JTU000000000000000JOR,2023,M06,June,5.4,Job Openings: Total Nonfarm,2023-06
JTU000000000000000JOR,2023,M05,May,5.5,Job Openings: Total Nonfarm,2023-05
JTU000000000000000JOR,2023,M04,April,6.4,Job Openings: Total Nonfarm,2023-04
JTU000000000000000JOR,2023,M03,March,5.8,Job Openings: Total Nonfarm,2023-03
JTU000000000000000JOR,2023,M02,February,5.8,Job Openings: Total Nonfarm,2023-02
JTU000000000000000JOR,2023,M01,January,6.4,Job Openings: Total Nonfarm,2023-01
JTU000000000000000JOR,2022,M12,December,6.2,Job Openings: Total Nonfarm,2022-12
JTU000000000000000JOR,2022,M11,November,6.0,Job Openings: Total Nonfarm,2022-11
JTU000000000000000JOR,2022,M10,October,6.7,Job Openings: Total Nonfarm,2022-10
JTU000000000000000JOR,2022,M09,September,6.6,Job Openings: Total Nonfarm,2022-09
JTU000000000000000JOR,2022,M08,August,6.2,Job Openings: Total Nonfarm,2022-08
JTU000000000000000JOR,2022,M07,July,7.6,Job Openings: Total Nonfarm,2022-07
JTU000000000000000JOR,2022,M06,June,6.6,Job Openings: Total Nonfarm,2022-06
JTU000000000000000JOR,2022,M05,May,6.8,Job Openings: Total Nonfarm,2022-05
JTU000000000000000JOR,2022,M04,April,7.7,Job Openings: Total Nonfarm,2022-04
JTU000000000000000JOR,2022,M03,March,7.4,Job Openings: Total Nonfarm,2022-03
JTU000000000000000JOR,2022,M02,February,7.0,Job Openings: Total Nonfarm,2022-02
JTU000000000000000JOR,2022,M01,January,7.1,Job Openings: Total Nonfarm,2022-01
JTU000000000000000JOR,2021,M12,December,6.6,Job Openings: Total Nonfarm,2021-12
JTU000000000000000JOR,2021,M11,November,6.5,Job Openings: Total Nonfarm,2021-11
JTU000000000000000JOR,2021,M10,October,7.4,Job Openings: Total Nonfarm,2021-10
JTU000000000000000JOR,2021,M09,September,6.9,Job Openings: Total Nonfarm,2021-09
JTU000000000000000JOR,2021,M08,August,7.0,Job Openings: Total Nonfarm,2021-08
JTU000000000000000JOR,2021,M07,July,7.5,Job Openings: Total Nonfarm,2021-07
JTU000000000000000JOR,2021,M06,June,6.4,Job Openings: Total Nonfarm,2021-06
JTU000000000000000JOR,2021,M05,May,6.2,Job Openings: Total Nonfarm,2021-05
JTU000000000000000JOR,2021,M04,April,6.4,Job Openings: Total Nonfarm,2021-04
JTU000000000000000JOR,2021,M03,March,5.5,Job Openings: Total Nonfarm,2021-03
JTU000000000000000JOR,2021,M02,February,5.0,Job Openings: Total Nonfarm,2021-02
JTU000000000000000JOR,2021,M01,January,4.8,Job Openings: Total Nonfarm,2021-01
JTU000000000000000JOR,2020,M12,December,4.1,Job Openings: Total Nonfarm,2020-12
JTU000000000000000JOR,2020,M11,November,4.2,Job Openings: Total Nonfarm,2020-11
JTU000000000000000JOR,2020,M10,October,4.9,Job Openings: Total Nonfarm,2020-10
JTU000000000000000JOR,2020,M09,September,4.5,Job Openings: Total Nonfarm,2020-09
JTU000000000000000JOR,2020,M08,August,4.5,Job Openings: Total Nonfarm,2020-08
JTU000000000000000JOR,2020,M07,July,4.9,Job Openings: Total Nonfarm,2020-07
JTU000000000000000JOR,2020,M06,June,4.1,Job Openings: Total Nonfarm,2020-06
JTU000000000000000JOR,2020,M05,May,3.9,Job Openings: Total Nonfarm,2020-05
JTU000000000000000JOR,2020,M04,April,3.8,Job Openings: Total Nonfarm,2020-04
JTU000000000000000JOR,2020,M03,March,3.7,Job Openings: Total Nonfarm,2020-03
JTU000000000000000JOR,2020,M02,February,4.2,Job Openings: Total Nonfarm,2020-02
JTU000000000000000JOR,2020,M01,January,4.5,Job Openings: Total Nonfarm,2020-01
JTU000000000000000JOR,2019,M12,December,3.8,Job Openings: Total Nonfarm,2019-12
JTU000000000000000JOR,2019,M11,November,4.0,Job Openings: Total Nonfarm,2019-11
JTU000000000000000JOR,2019,M10,October,4.8,Job Openings: Total Nonfarm,2019-10
JTU000000000000000JOR,2019,M09,September,4.6,Job Openings: Total Nonfarm,2019-09
JTU000000000000000JOR,2019,M08,August,4.7,Job Openings: Total Nonfarm,2019-08
JTU000000000000000JOR,2019,M07,July,4.7,Job Openings: Total Nonfarm,2019-07
JTU000000000000000JOR,2019,M06,June,4.5,Job Openings: Total Nonfarm,2019-06
JTU000000000000000JOR,2019,M05,May,4.6,Job Openings: Total Nonfarm,2019-05
JTU000000000000000JOR,2019,M04,April,4.9,Job Openings: Total Nonfarm,2019-04
JTU000000000000000JOR,2019,M03,March,4.6,Job Openings: Total Nonfarm,2019-03
JTU000000000000000JOR,2019,M02,February,4.3,Job Openings: Total Nonfarm,2019-02
JTU000000000000000JOR,2019,M01,January,4.8,Job Openings: Total Nonfarm,2019-01
JTU000000000000000JOR,2018,M12,December,4.3,Job Openings: Total Nonfarm,2018-12
JTU000000000000000JOR,2018,M11,November,4.5,Job Openings: Total Nonfarm,2018-11
JTU000000000000000JOR,2018,M10,October,4.8,Job Openings: Total Nonfarm,2018-10
JTU000000000000000JOR,2018,M09,September,4.8,Job Openings: Total Nonfarm,2018-09
JTU000000000000000JOR,2018,M08,August,4.7,Job Openings: Total Nonfarm,2018-08
JTU000000000000000JOR,2018,M07,July,4.9,Job Openings: Total Nonfarm,2018-07
JTU000000000000000JOR,2018,M06,June,4.6,Job Openings: Total Nonfarm,2018-06
JTU000000000000000JOR,2018,M05,May,4.5,Job Openings: Total Nonfarm,2018-05
JTU000000000000000JOR,2018,M04,April,4.8,Job Openings: Total Nonfarm,2018-04
JTU000000000000000JOR,2018,M03,March,4.4,Job Openings: Total Nonfarm,2018-03
JTU000000000000000JOR,2018,M02,February,4.1,Job Openings: Total Nonfarm,2018-02
JTU000000000000000JOR,2018,M01,January,4.3,Job Openings: Total Nonfarm,2018-01
JTU000000000000000JOR,2017,M12,December,3.7,Job Openings: Total Nonfarm,2017-12
JTU000000000000000JOR,2017,M11,November,3.8,Job Openings: Total Nonfarm,2017-11
JTU000000000000000JOR,2017,M10,October,4.3,Job Openings: Total Nonfarm,2017-10
JTU000000000000000JOR,2017,M09,September,4.2,Job Openings: Total Nonfarm,2017-09
JTU000000000000000JOR,2017,M08,August,4.2,Job Openings: Total Nonfarm,2017-08
JTU000000000000000JOR,2017,M07,July,4.3,Job Openings: Total Nonfarm,2017-07
JTU000000000000000JOR,2017,M06,June,4.0,Job Openings: Total Nonfarm,2017-06
JTU000000000000000JOR,2017,M05,May,3.8,Job Openings: Total Nonfarm,2017-05
JTU000000000000000JOR,2017,M04,April,4.4,Job Openings: Total Nonfarm,2017-04
JTU000000000000000JOR,2017,M03,March,3.8,Job Openings: Total Nonfarm,2017-03
JTU000000000000000JOR,2017,M02,February,3.8,Job Openings: Total Nonfarm,2017-02
JTU000000000000000JOR,2017,M01,January,3.7,Job Openings: Total Nonfarm,2017-01
JTU000000000000000JOR,2016,M12,December,3.5,Job Openings: Total Nonfarm,2016-12
JTU000000000000000JOR,2016,M11,November,3.6,Job Openings: Total Nonfarm,2016-11
JTU000000000000000JOR,2016,M10,October,3.9,Job Openings: Total Nonfarm,2016-10
JTU000000000000000JOR,2016,M09,September,3.9,Job Openings: Total Nonfarm,2016-09
JTU000000000000000JOR,2016,M08,August,3.9,Job Openings: Total Nonfarm,2016-08
JTU000000000000000JOR,2016,M07,July,4.3,Job Openings: Total Nonfarm,2016-07
JTU000000000000000JOR,2016,M06,June,3.7,Job Openings: Total Nonfarm,2016-06
JTU000000000000000JOR,2016,M05,May,3.8,Job Openings: Total Nonfarm,2016-05
JTU000000000000000JOR,2016,M04,April,4.2,Job Openings: Total Nonfarm,2016-04
JTU000000000000000JOR,2016,M03,March,4.1,Job Openings: Total Nonfarm,2016-03
JTU000000000000000JOR,2016,M02,February,3.8,Job Openings: Total Nonfarm,2016-02
JTU000000000000000JOR,2016,M01,January,4.0,Job Openings: Total Nonfarm,2016-01
JTU000000000000000JOR,2015,M12,December,3.4,Job Openings: Total Nonfarm,2015-12
JTU000000000000000JOR,2015,M11,November,3.5,Job Openings: Total Nonfarm,2015-11
JTU000000000000000JOR,2015,M10,October,4.1,Job Openings: Total Nonfarm,2015-10
JTU000000000000000JOR,2015,M09,September,3.8,Job Openings: Total Nonfarm,2015-09
JTU000000000000000JOR,2015,M08,August,3.8,Job Openings: Total Nonfarm,2015-08
JTU000000000000000JOR,2015,M07,July,4.3,Job Openings: Total Nonfarm,2015-07
JTU000000000000000JOR,2015,M06,June,3.5,Job Openings: Total Nonfarm,2015-06
JTU000000000000000JOR,2015,M05,May,3.8,Job Openings: Total Nonfarm,2015-05
JTU000000000000000JOR,2015,M04,April,4.2,Job Openings: Total Nonfarm,2015-04
JTU000000000000000JOR,2015,M03,March,3.6,Job Openings: Total Nonfarm,2015-03
JTU000000000000000JOR,2015,M02,February,3.6,Job Openings: Total Nonfarm,2015-02
JTU000000000000000JOR,2015,M01,January,3.6,Job Openings: Total Nonfarm,2015-01
